ハピナス, ,1,781,783,305,17,489,540,108
ラッキー, ,2,784,784,698,78,528,450,378
ソーナンス, ,3,739,520,727,507,695,405,452
ホエルオー, ,4,236,639,202,639,426,500,207
ママンボウ, ,5,373,255,642,639,380,470,330
カビゴン, ,6,111,419,379,57,703,540,108
ケッキング, ,7,9,114,168,401,98,670,23
フワライド, ,7,324,671,202,566,255,498,231
ギラティナ,アナザーフォルム,7,154,51,133,33,179,680,10
ギラティナ,オリジンフォルム,7,78,114,62,95,179,680,10
ハリテヤマ, ,11,78,475,642,462,528,474,322
プクリン, ,12,419,639,228,576,585,435,400
ゴンベ, ,13,274,686,642,204,784,390,490
ラプラス, ,14,274,255,228,129,426,535,117
シャワーズ, ,14,470,475,89,129,380,525,144
ホエルコ, ,14,419,728,338,726,426,400,479
ゼルネアス,リラックスモード,17,40,147,33,123,128,680,10
ゼルネアス,アクティブモード,17,40,147,33,123,128,680,10
イベルタル, ,17,40,147,33,123,128,680,10
ランターン, ,20,562,520,302,300,372,460,352
キュレム,キュレム,20,43,175,36,159,142,660,27
キュレム,ブラックキュレム,20,78,175,4,95,142,700,4
キュレム,ホワイトキュレム,20,4,114,62,159,142,700,4
ゴーゴート, ,24,154,467,164,240,366,531,130
アマルルガ, ,24,365,339,159,158,472,521,161
クレセリア, ,26,419,51,305,21,216,600,40
アルセウス, ,26,78,51,62,33,27,720,3
ナゲキ, ,26,154,220,731,204,585,465,341
ムシャーナ, ,29,571,220,108,129,736,487,277
プリン, ,30,669,775,596,768,759,270,726
エンテイ, ,30,100,220,202,302,98,580,79
ドサイドン, ,30,25,29,506,518,631,535,117
モロバレル, ,33,274,347,228,243,703,464,349
トリトドン, ,34,311,406,197,236,663,475,315
ナマズン, ,35,361,337,302,346,426,468,336
トドゼルガ, ,35,324,175,168,159,380,530,131
ベロベルト, ,35,274,147,268,129,528,515,178
マンムー, ,35,43,255,338,462,255,530,131
レジギガス, ,35,9,80,268,57,98,670,23
エンブオー, ,35,74,419,133,401,380,528,141
ドリュウズ, ,35,31,475,548,401,209,508,198
ランクルス, ,35,470,312,48,204,703,490,256
バルジーナ, ,35,470,97,506,129,255,510,187
マッギョ, ,44,463,249,262,122,697,471,329
ガブリアス,ガブリアス,45,43,147,268,204,89,600,40
メガガブリアス,メガガブリアス,45,4,67,62,129,171,700,4
カバルドン, ,45,109,64,375,343,580,525,144
ジガルデ, ,45,154,50,262,129,142,600,40
ミュウツー,ミュウツー,49,111,175,11,159,11,680,10
メガミュウツーX,メガミュウツーX,49,1,114,11,95,11,780,1
メガミュウツーY,メガミュウツーY,49,14,347,1,33,8,780,1
ルギア, ,49,236,29,202,5,51,680,10
ホウオウ, ,49,43,175,89,5,179,680,10
ベトベトン, ,54,130,312,379,95,528,500,207
サイドン, ,54,43,51,596,639,631,485,278
ガルーラ,ガルーラ,54,197,255,642,243,179,490,256
メガガルーラ,メガガルーラ,54,59,114,439,95,98,590,77
レックウザ, ,54,14,175,13,159,142,680,10
ローブシン, ,54,25,147,506,401,585,505,200
ガマゲロゲ, ,54,197,312,228,302,312,509,197
ヒヒダルマ,ノーマルモード,54,25,531,731,518,142,480,299
ヒヒダルマ,ダルマモード,54,740,97,22,78,489,540,108
バクオング, ,63,235,460,201,342,366,490,256
スカタンク, ,64,225,409,336,458,244,479,313
タブンネ, ,64,526,216,439,199,528,445,388
フレフワン, ,66,411,339,159,193,736,462,350
ミュウ, ,67,154,114,133,95,98,600,40
ヨルノズク, ,67,616,575,302,127,327,442,389
マリルリ, ,67,616,255,439,243,528,420,421
ノコッチ, ,67,419,347,379,401,585,415,434
イノムー, ,67,154,255,439,462,528,450,378
スイクン, ,67,373,67,202,48,216,580,79
バンギラス,バンギラス,67,37,80,168,95,424,600,40
メガバンギラス,メガバンギラス,67,8,12,168,33,321,700,4
セレビィ, ,67,154,114,133,95,98,600,40
ラグラージ, ,67,111,175,228,159,426,535,117
マルノーム, ,67,406,251,329,233,489,467,338
ジーランス, ,67,236,29,596,401,489,485,278
カイオーガ, ,67,154,175,13,14,179,670,23
グラードン, ,67,14,19,133,159,179,670,23
ジラーチ, ,67,154,114,133,95,98,600,40
ドンカラス, ,67,59,569,110,571,321,505,200
ピンプク, ,67,784,784,780,401,703,220,761
モジャンボ, ,67,154,39,89,576,528,535,117
ディアルガ, ,67,78,51,13,95,179,680,10
マナフィ, ,67,154,114,133,95,98,600,40
シェイミ,ランドフォルム,67,154,114,133,95,98,600,40
シェイミ,スカイフォルム,67,150,312,62,302,18,600,40
ビクティニ, ,67,154,114,133,95,98,600,40
ブルンゲル, ,67,526,347,228,78,426,480,299
ウォーグル, ,67,74,312,500,302,255,510,187
レシラム, ,67,78,114,13,33,179,680,10
ゼクロム, ,67,14,51,62,95,179,680,10
メロエッタ,ボイスフォルム,67,365,302,47,29,179,600,40
メロエッタ,ステップフォルム,67,58,175,299,297,17,600,40
トロピウス, ,96,458,251,333,196,525,460,352
ラムパルド, ,97,6,475,379,576,472,495,236
ピクシー, ,98,419,337,168,159,426,483,292
ヤドラン, ,98,373,80,133,243,703,490,256
ナッシー, ,98,197,220,48,401,489,520,163
ギャラドス,ギャラドス,98,59,292,439,95,251,540,108
メガギャラドス,メガギャラドス,98,12,89,338,21,251,640,28
ヌオー, ,98,274,220,379,401,672,430,404
ブラッキー, ,98,470,80,439,21,380,525,144
ヤドキング, ,98,373,255,133,57,703,490,256
ミルタンク, ,98,324,97,642,350,98,490,256
ミロカロス, ,98,526,292,133,30,251,540,108
ソーナノ, ,98,770,626,771,628,754,260,737
ボーマンダ, ,98,31,255,89,243,98,600,40
ドダイトス, ,98,125,97,305,204,484,525,144
ダイケンキ, ,98,154,220,107,350,327,528,141
ワルビアル, ,98,97,255,379,350,171,519,175
ツンベアー, ,98,111,255,338,243,528,485,278
バッフロン, ,98,111,147,642,129,489,490,256
ゴロンダ, ,98,72,296,371,346,472,495,236
ニンフィア, ,98,470,419,89,21,426,525,144
クレベース, ,98,97,5,629,637,739,514,186
サザンドラ, ,118,130,175,48,159,133,600,40
カイリュー, ,119,37,147,133,95,255,600,40
ヒードラン, ,119,236,96,36,77,291,600,40
コバルオン, ,119,236,38,202,343,65,580,79
テラキオン, ,119,57,175,333,159,65,580,79
ビリジオン, ,119,236,339,202,28,65,580,79
ケルディオ,いつものすがた,119,411,175,45,159,65,580,79
ケルディオ,かくごのすがた,119,411,175,45,159,65,580,79
ニドクイン, ,126,227,215,305,204,293,505,200
ウインディ, ,126,111,255,133,243,142,555,103
ニョロボン, ,126,197,147,338,159,327,510,187
カイリキー, ,126,43,255,379,204,489,505,200
ヤドン, ,126,470,419,642,689,772,315,618
ジュゴン, ,126,419,255,338,129,327,475,315
ベロリンガ, ,126,571,312,439,302,703,385,498
フリーザー, ,126,274,114,168,30,216,580,79
サンダー, ,126,236,220,48,159,98,580,79
ファイヤー, ,126,154,175,48,204,179,580,79
ププリン, ,126,740,779,642,780,772,210,768
デンリュウ, ,126,373,220,75,159,489,510,187
メガデンリュウ, ,126,197,97,6,57,585,610,38
ニョロトノ, ,126,373,312,202,95,327,500,207
グランブル, ,126,78,312,439,462,585,450,378
リングマ, ,126,43,312,305,302,489,500,207
ゴマゾウ, ,126,526,475,642,689,631,330,574
ドンファン, ,126,78,51,439,462,528,500,207
ライコウ, ,126,274,312,75,95,34,580,79
ダーテング, ,126,154,475,202,462,255,480,299
トドグラー, ,126,526,347,305,350,585,410,442
フワンテ, ,126,616,751,439,674,327,348,547
メガユキノオー,メガユキノオー,126,39,97,32,78,703,594,76
ユキノオー,ユキノオー,126,227,312,197,204,426,494,250
パルキア, ,126,78,114,13,33,98,680,10
チャオブー, ,126,225,531,338,518,489,418,433
ヌメルゴン, ,126,154,347,89,8,255,600,40
ボルケニオン, ,126,25,80,110,57,489,610,38
ゴルーグ, ,154,72,255,506,243,489,483,292
ランドロス,けしんフォルム,154,59,175,75,243,91,600,40
ランドロス,れいじゅうフォルム,154,23,175,110,243,174,600,40
ブリガロン, ,157,128,45,324,302,416,530,131
ユレイドル, ,158,321,146,262,71,617,495,236
メガヤンマ, ,158,369,216,74,511,142,515,178
カエンジシ, ,158,458,339,103,398,72,507,199
カラマネロ, ,158,227,211,375,302,315,482,296
スリーパー, ,162,406,347,329,48,372,483,292
オーダイル, ,162,130,114,295,233,287,530,131
オオタチ, ,162,369,456,596,518,179,415,434
クロバット, ,162,236,255,338,243,11,535,117
ポリゴン2, ,162,324,175,110,129,426,515,178
ムクホーク, ,162,78,347,548,462,98,485,278
フローゼル, ,162,130,531,228,576,34,495,236
トゲキッス, ,162,616,147,62,48,255,545,107
ポリゴンZ, ,162,324,347,26,302,179,535,117
ムーランド, ,162,111,175,596,159,255,500,207
ギガイアス, ,162,31,29,439,243,743,515,178
ドテッコツ, ,162,130,220,642,576,631,405,452
シビルドン, ,162,100,255,110,243,528,515,178
クイタラン, ,162,196,416,110,398,380,484,290
ウルガモス, ,162,526,419,26,78,98,550,106
ホルード, ,162,568,302,548,297,287,423,420
オーロット, ,162,111,308,379,236,484,474,322
パンプジン,とくだいサイズ ,162,154,45,493,302,520,494,250
オンバーン, ,162,419,255,164,243,24,535,117
ドゴーム, ,181,418,675,336,677,574,360,524
エンペルト, ,181,272,211,88,94,426,530,131
ピジョット, ,183,324,312,338,350,91,479,313
ドクロッグ, ,183,129,419,227,401,216,490,256
ペロリーム, ,185,324,216,228,302,317,480,299
ガチゴラス, ,185,77,63,371,505,321,521,161
ニドキング, ,187,153,302,228,302,216,505,200
メガラティアス,ラティアス,188,154,51,22,8,51,700,4
メガラティオス,ラティオス,188,43,114,8,33,51,700,4
フシギバナ,フシギバナ,188,315,251,133,95,255,525,144
メガフシギバナ,メガフシギバナ,188,154,44,61,33,255,625,34
ゴルダック, ,188,315,296,168,243,216,500,207
ゴーリキー, ,188,154,347,548,462,585,405,452
ウツボット, ,188,130,419,133,350,327,490,256
ドククラゲ, ,188,419,419,268,33,98,515,178
ゴローニャ, ,188,78,29,506,401,585,495,236
ベトベター, ,188,324,575,642,576,743,325,593
サイホーン, ,188,274,147,731,748,743,345,550
アズマオウ, ,188,227,419,379,243,366,450,378
プテラ,プテラ,188,130,419,439,302,11,515,178
メガプテラ,メガプテラ,188,31,220,338,129,3,615,37
メガニウム, ,188,315,114,254,95,255,525,144
ヘラクロス,ヘラクロス,188,59,312,642,129,216,500,207
メガヘラクロス,メガヘラクロス,188,2,67,642,78,296,600,40
バシャーモ,バシャーモ,188,78,347,89,350,255,530,131
メガバシャーモ,メガバシャーモ,188,9,255,36,243,98,630,31
ルンパッパ, ,188,419,347,202,95,327,480,299
ヤルキモノ, ,188,324,255,506,518,179,440,391
ブーピッグ, ,188,669,419,202,57,255,470,330
フライゴン, ,188,154,255,268,243,98,520,163
オニゴーリ, ,188,324,255,268,243,255,480,299
メタグロス, ,188,31,29,168,159,327,600,40
レジロック, ,188,154,3,548,95,528,580,79
レジアイス, ,188,616,114,133,2,528,580,79
レジスチル, ,188,373,12,305,8,528,580,79
ラティアス, ,188,324,175,89,21,51,600,40
ラティオス, ,188,236,255,36,57,51,600,40
レントラー, ,188,78,292,168,291,327,523,160
エムリット, ,188,130,97,110,78,255,580,79
フィオネ, ,188,324,255,268,243,255,480,299
ケンホロウ, ,188,100,255,379,518,169,488,275
ダストダス, ,188,197,254,439,236,296,474,322
メブキジカ, ,188,154,347,439,350,142,475,315
アギルダー, ,188,419,686,133,462,7,495,236
ビビヨン, ,188,607,575,202,576,208,411,440
カメックス,カメックス,226,311,114,228,78,287,530,131
メガカメックス,メガカメックス,226,150,51,26,48,287,630,31
ビーダル, ,226,274,475,506,462,321,410,442
トルネロス,けしんフォルム,226,100,347,48,243,49,580,79
トルネロス,れいじゅうフォルム,226,154,255,89,159,26,580,79
ボルトロス,けしんフォルム,226,100,347,48,243,49,580,79
ボルトロス,れいじゅうフォルム,226,130,347,20,243,91,580,79
メガリザードンX,メガリザードンX,233,43,79,36,204,98,634,29
メガリザードンY,メガリザードンY,233,147,296,9,48,98,634,29
リザードン,リザードン,233,306,296,103,204,98,534,126
バクフーン, ,233,306,296,103,204,98,534,126
マッスグマ, ,233,419,474,548,458,98,420,421
ファイアロー, ,233,321,345,324,393,19,499,230
フラージェス, ,233,470,406,86,5,296,552,105
シュシュプ, ,233,607,475,423,401,754,341,553
ルチャブル, ,233,227,312,324,445,31,500,207
コロトック, ,242,274,574,506,575,380,384,502
クリムガン, ,242,78,175,439,159,574,485,278
アマルス, ,242,559,575,377,445,582,362,522
ゴウカザル, ,245,147,345,130,346,65,534,126
カラナクシ, ,245,656,626,500,455,694,325,593
ペラップ, ,245,470,639,197,680,174,411,440
ムンナ, ,245,762,639,377,518,753,292,693
オノノクス, ,245,22,175,439,350,137,540,108
サンドパン, ,250,154,80,596,518,380,450,378
ゴルバット, ,250,324,347,379,302,179,455,366
ラフレシア, ,250,324,220,89,159,528,490,256
ケンタロス, ,250,154,147,642,350,51,490,256
チョンチー, ,250,722,723,503,511,372,330,574
キレイハナ, ,250,324,147,202,95,528,490,256
ワタッコ, ,250,571,347,506,129,51,460,352
キマワリ, ,250,373,531,110,204,703,425,412
フォレトス, ,250,236,19,439,462,631,465,341
ハガネール, ,250,274,3,506,401,703,510,187
オクタン, ,250,130,312,110,302,585,480,299
ヘルガー,ヘルガー,250,236,575,89,243,142,500,207
メガヘルガー,メガヘルガー,250,236,175,22,159,34,600,40
キングドラ, ,250,197,147,168,129,216,540,108
チルタリス, ,250,419,175,338,78,255,490,256
アーマルド, ,250,59,114,338,243,585,495,236
ハヤシガメ, ,250,266,220,506,401,667,405,452
エテボース, ,250,154,416,439,398,34,482,296
エレキブル, ,250,74,409,168,204,142,540,108
ブーバーン, ,250,197,409,48,129,247,540,108
グライオン, ,250,197,39,596,302,142,510,187
ユクシー, ,250,373,29,305,21,142,580,79
アグノム, ,250,59,347,48,350,34,580,79
ジャローダ, ,250,373,147,305,129,45,528,141
フタチマル, ,250,373,475,254,462,426,413,437
ヤナッキー, ,250,193,460,161,445,91,498,231
バオッキー, ,250,193,460,161,445,91,498,231
ヒヤッキー, ,250,193,460,161,445,91,498,231
ゼブライカ, ,250,154,460,268,445,32,497,235
ドッコラー, ,250,324,531,758,726,672,305,647
ガマガル, ,250,470,531,379,518,364,384,502
ダゲキ, ,250,59,312,731,302,216,465,341
ハハコモリ, ,250,150,255,338,243,171,500,207
マラカッチ, ,250,272,409,109,396,426,461,351
アーケオス, ,250,25,419,86,401,51,567,101
チラチーノ, ,250,197,475,379,462,34,470,330
スワンナ, ,250,270,460,224,445,133,473,326
オーベム, ,250,373,312,48,129,631,485,278
マフォクシー, ,250,454,339,84,95,85,534,126
トリミアン, ,250,324,475,379,159,89,472,327
パンプジン,おおきいサイズ ,250,197,45,493,302,364,494,250
マスキッパ, ,291,154,339,202,343,582,454,375
アバゴーラ, ,291,127,27,254,401,697,495,236
ナットレイ, ,291,223,28,540,46,759,489,274
ニャオニクス,オスの姿,291,656,308,254,240,85,466,339
ニャオニクス,メスの姿,291,656,308,254,240,85,466,339
キュウコン, ,296,369,312,262,95,98,505,200
オドシシ, ,296,197,467,228,401,216,465,341
ザングース, ,296,100,475,439,462,179,458,363
ハブネーク, ,296,154,475,133,462,380,458,363
マクノシタ, ,300,526,757,772,748,743,237,757
シンボラー, ,300,562,255,131,243,137,490,256
ジヘッド, ,300,274,347,379,350,472,420,421
ゲッコウガ, ,300,197,409,131,346,25,530,131
ガメノデス, ,300,130,67,540,199,366,500,207
ブニャット, ,305,315,456,422,505,46,452,376
バイバニラ, ,305,197,220,89,129,286,535,117
ゲノセクト, ,305,78,147,62,129,128,600,40
ブロスター, ,305,406,211,62,193,470,500,207
フーパ, ,309,419,175,10,159,20,600,40
ニドリーナ, ,309,520,409,506,518,484,365,517
ピッピ, ,309,669,626,439,401,672,323,602
モルフォン, ,309,470,475,202,302,179,450,378
ワンリキー, ,309,324,575,698,726,672,305,647
ストライク, ,309,111,255,506,243,74,500,207
オムスター, ,309,526,39,75,350,489,495,236
アリアドス, ,309,236,347,439,462,631,390,490
モココ, ,309,571,531,268,462,585,365,517
マリル, ,309,772,575,772,576,631,250,743
ウソッキー, ,309,154,67,731,401,703,410,442
キリンリキ, ,309,324,419,202,401,216,455,366
ハッサム,ハッサム,309,43,114,506,243,380,500,207
メガハッサム,メガハッサム,309,14,19,379,95,296,600,40
サナギラス, ,309,306,347,379,350,525,410,442
ジュカイン, ,309,274,419,110,204,27,530,131
ヌマクロー, ,309,274,347,439,350,528,405,452
グラエナ, ,309,236,347,439,462,327,420,421
コノハナ, ,309,419,686,439,689,426,340,555
アメモース, ,309,526,467,268,236,426,414,436
エネコロロ, ,309,470,419,506,518,327,380,505
ボスゴドラ,ボスゴドラ,309,111,6,439,462,528,530,131
メガボスゴドラ,メガボスゴドラ,309,25,1,439,243,528,630,31
メガライボルト,メガライボルト,309,373,255,26,243,10,575,100
ライボルト,ライボルト,309,373,475,110,462,74,475,315
ゴクリン, ,309,697,564,637,569,631,302,664
サメハダー, ,309,78,686,168,689,142,460,352
バクーダ, ,309,154,347,110,302,631,460,352
コータス, ,309,274,19,228,350,759,470,330
ノクタス, ,309,100,475,75,462,489,475,315
ルナトーン, ,309,571,419,168,204,327,440,391
ソルロック, ,309,197,220,506,401,327,440,391
ポワルン,普段,309,419,347,338,350,327,420,421
ポワルン,たいようのすがた,309,419,347,338,350,327,420,421
ポワルン,あまみずのすがた,309,419,347,338,350,327,420,421
ポワルン,ゆきぐものすがた,309,419,347,338,350,327,420,421
タマザラシ, ,309,701,575,506,576,743,290,695
ガーメイル, ,309,223,575,194,576,376,424,416
ビークイン, ,309,324,113,268,93,631,474,322
チェリム,ネガフォルム,309,526,347,224,295,216,450,378
チェリム,ポジフォルム,309,526,347,224,295,216,450,378
メガルカリオ,メガルカリオ,309,23,211,22,350,46,625,34
ルカリオ,ルカリオ,309,111,347,75,350,179,525,144
ドラピオン, ,309,236,80,439,302,142,500,207
マニューラ, ,309,78,419,596,204,20,510,187
ジバコイル, ,309,419,67,36,159,426,535,117
ユキメノコ, ,309,324,347,268,350,51,480,299
ダークライ, ,309,236,175,26,159,20,600,40
ガントル, ,309,130,97,548,689,759,390,490
ドレディア, ,309,526,312,89,302,179,480,299
バスラオ,あかすじのすがた,309,227,419,268,518,133,460,352
バスラオ,あおすじのすがた,309,227,419,268,518,133,460,352
ダルマッカ, ,309,236,639,780,639,528,315,618
イワパレス, ,309,197,39,379,302,585,475,315
ゴチルゼル, ,309,571,147,168,57,380,490,256
シュバルゴ, ,309,31,97,439,78,759,495,236
デンチュラ, ,309,365,475,164,462,65,472,327
フリージオ, ,309,616,757,168,17,74,485,278
ワシボン, ,309,311,575,693,576,426,350,539
バルチャイ, ,309,571,312,596,401,426,370,512
ネオラント, ,369,454,308,371,199,174,460,352
タマゲタケ, ,369,571,639,506,518,772,294,691
サーナイト,サーナイト,371,470,419,48,48,255,518,176
メガサーナイト,メガサーナイト,371,274,419,6,17,98,618,36
ガバイト, ,371,236,419,548,518,250,410,442
ヒポポタス, ,371,411,296,692,680,697,330,574
エルレイド, ,371,59,419,379,48,255,518,176
ヌメイル, ,371,373,564,254,56,426,452,376
ズガイドス, ,377,59,686,731,748,472,350,539
ドータクン, ,377,266,66,295,46,695,500,207
ココロモリ, ,377,566,531,299,518,44,425,412
ヤンチャム, ,377,315,467,594,628,617,348,547
デデンネ, ,377,562,526,262,396,91,431,403
リリーラ, ,382,699,302,433,196,754,355,531
オノンド, ,382,97,347,642,576,372,410,442
メェークル, ,382,470,626,428,509,521,350,539
スピアー, ,385,236,686,596,243,296,395,484
オニドリル, ,385,236,419,433,458,98,442,389
ペルシアン, ,385,419,475,379,401,34,440,391
オコリザル, ,385,130,475,439,350,142,455,366
ニョロゾ, ,385,470,419,548,576,179,385,498
ウツドン, ,385,236,575,228,639,489,390,490
ギャロップ, ,385,154,347,268,243,74,500,207
パウワウ, ,385,669,531,596,350,585,325,593
マタドガス, ,385,236,51,228,350,426,490,256
モンジャラ, ,385,571,67,133,689,426,435,400
ルージュラ, ,385,616,728,75,129,142,455,366
エレブー, ,385,311,526,168,204,74,490,256
ブーバー, ,385,197,526,133,204,169,495,236
カイロス,カイロス,385,59,114,506,350,216,500,207
メガカイロス,メガカイロス,385,12,51,379,159,74,600,40
サンダース, ,385,470,475,89,129,11,525,144
ブースター, ,385,43,475,168,57,380,525,144
ポリゴン, ,385,526,347,228,302,631,395,484
アリゲイツ, ,385,324,255,490,445,472,405,452
ネイティオ, ,385,373,347,168,350,142,470,330
ヤンヤンマ, ,385,470,639,305,639,142,390,490
エーフィ, ,385,470,475,36,129,51,525,144
グライガー, ,385,373,97,698,401,216,430,404
ハリーセン, ,385,197,312,506,518,216,430,404
マンタイン, ,385,701,347,268,14,327,465,341
エアームド, ,385,324,19,642,350,327,465,341
バルビート, ,385,406,531,592,302,216,400,479
イルミーゼ, ,385,665,531,329,302,216,400,479
チリーン, ,385,616,347,168,243,380,425,412
アブソル,アブソル,385,43,475,305,462,296,465,341
メガアブソル,メガアブソル,385,14,475,75,462,34,565,102
コモルー, ,385,197,114,439,576,528,420,421
ミミロップ, ,385,369,249,540,127,74,480,299
リーフィア, ,385,111,29,439,401,142,525,144
グレイシア, ,385,526,80,36,129,380,525,144
ポカブ, ,385,514,639,596,639,585,308,641
ハーデリア, ,385,324,419,698,401,426,370,512
ズルズキン, ,385,236,67,596,48,472,488,275
ダブラン, ,385,701,575,48,462,703,370,512
シビビール, ,385,274,347,305,350,631,405,452
コジョンド, ,385,59,475,168,462,74,510,187
キリキザン, ,385,59,114,439,350,327,490,256
ドラミドロ, ,385,373,175,164,32,614,494,250
パンプジン,ふつうのサイズ ,385,236,45,493,302,244,494,250
ゴニョニョ, ,429,614,774,547,779,739,240,755
ジュペッタ,ジュペッタ,429,100,419,254,445,380,455,366
メガジュペッタ,メガジュペッタ,429,6,312,196,233,296,555,103
モウカザル, ,429,361,569,298,571,251,405,452
ポッタイシ, ,429,463,406,262,300,528,405,452
レパルダス, ,429,269,575,223,576,72,446,387
ピジョン, ,435,526,531,548,576,321,349,546
シザリガー, ,435,78,220,202,518,489,468,336
スカンプー, ,435,514,637,641,685,312,329,589
ハトーボー, ,438,365,467,548,680,380,358,530
コアルヒー, ,438,696,575,629,576,489,305,647
ヒノヤコマ, ,438,406,531,503,571,244,382,504
シシコ, ,438,616,520,329,566,317,369,516
ニャスパー, ,438,656,563,423,462,366,355,531
ペロッパフ, ,438,656,416,490,509,573,341,553
エレザード, ,438,571,569,103,157,63,481,298
ニドリーノ, ,445,411,526,506,518,380,365,517
ハクリュー, ,445,306,419,338,350,327,420,421
テッカニン, ,445,236,639,548,576,2,456,365
ハリボーグ, ,445,361,147,503,507,480,405,452
フシギソウ, ,449,520,460,268,243,426,405,452
バタフリー, ,449,669,575,202,243,327,395,484
アーボック, ,449,274,404,379,291,255,438,399
ライチュウ, ,449,236,531,202,243,51,485,278
クサイハナ, ,449,470,347,228,302,631,395,484
パラセクト, ,449,197,255,439,243,703,405,452
コンパン, ,449,571,575,642,518,585,305,647
ドードリオ, ,449,111,347,439,462,98,460,352
ゲンガー,ゲンガー,449,470,475,36,302,51,500,207
メガゲンガー,メガゲンガー,449,470,255,4,129,11,600,40
スリープ, ,449,656,639,637,159,622,328,591
マルマイン, ,449,616,347,268,243,8,480,299
タマタマ, ,449,701,255,439,639,631,325,593
ガラガラ, ,449,324,80,548,243,585,425,412
スターミー, ,449,373,220,133,204,34,520,163
カブトプス, ,449,100,97,379,350,255,495,236
ベイリーフ, ,449,520,255,423,243,426,405,452
ホーホー, ,449,740,757,696,511,528,262,735
ヤミカラス, ,449,274,681,228,680,174,405,452
ムウマ, ,449,526,475,228,204,216,435,400
ブルー, ,449,324,575,642,689,703,300,665
ヒメグマ, ,449,324,575,548,576,631,330,574
ワカシャモ, ,449,274,475,228,462,489,405,452
アゲハント, ,449,419,575,133,576,380,395,484
ドクケイル, ,449,616,347,548,159,380,385,498
ハスブレロ, ,449,616,575,439,350,528,340,555
オオスバメ, ,449,274,475,548,576,20,430,404
ペリッパー, ,449,616,114,228,350,380,430,404
キノココ, ,449,701,475,642,462,672,295,685
キノガッサ, ,449,43,255,439,462,327,460,352
ナマケロ, ,449,526,475,698,726,703,280,711
コドラ, ,449,236,19,548,576,631,430,404
チャーレム,チャーレム,449,526,312,439,302,255,410,442
メガチャーレム,メガチャーレム,449,154,220,268,204,98,510,187
プラスル, ,449,616,686,228,302,142,405,452
マイナン, ,449,701,575,305,204,142,405,452
ドンメル, ,449,526,686,379,639,672,305,647
バネブー, ,449,762,728,338,243,426,330,574
パッチール, ,449,526,475,439,462,426,360,524
ネンドール, ,449,419,97,338,33,296,500,207
カクレオン, ,449,236,347,439,33,631,440,391
メタング, ,449,373,114,506,243,528,420,421
ルクシオ, ,449,274,624,439,626,426,363,521
ロズレイド, ,449,419,419,48,78,179,515,178
トリデプス, ,449,607,9,592,16,703,495,236
ミノマダム,くさきのミノ,449,559,220,295,78,667,424,416
ミノマダム,すなちのミノ,449,360,97,490,204,667,424,416
ミノマダム,ゴミのミノ,449,454,147,371,129,667,424,416
パチリス, ,449,669,347,596,159,142,405,452
ムウマージ, ,449,526,475,110,78,74,495,236
ユキカブリ, ,449,520,575,428,462,631,334,573
ダイノーズ, ,449,571,17,305,8,631,525,144
ジャノビー, ,449,526,312,439,302,247,413,437
ミルホッグ, ,449,274,404,439,393,291,420,421
モグリュー, ,449,274,686,731,639,366,328,591
ペンドラー, ,449,154,210,506,393,46,485,278
エルフーン, ,449,461,220,299,302,32,480,299
ワルビル, ,449,315,639,596,639,312,351,538
ゾロアーク, ,449,130,475,62,462,74,510,187
ゴチミル, ,449,669,347,305,204,489,390,490
シキジカ, ,449,526,575,642,576,296,335,564
ギギアル, ,449,324,147,338,204,528,440,391
ギギギアル, ,449,154,67,338,204,179,520,163
ランプラー, ,449,701,475,168,462,489,370,512
シャンデラ, ,449,571,175,20,159,255,520,163
ギルガルド,シールドフォルム,449,616,12,548,8,426,520,163
ギルガルド,ブレードフォルム,449,14,575,13,576,426,520,163
カメール, ,516,514,255,379,243,472,405,452
ビッパ, ,516,669,686,698,689,701,250,743
ゴビット, ,516,405,575,698,576,672,303,661
テールナー, ,516,559,520,202,350,315,409,451
ニダンギル, ,516,111,12,596,626,672,448,386
バケッチャ,とくだいサイズ,516,463,347,629,518,628,335,564
リザード, ,522,509,520,268,401,255,405,452
マグマラシ, ,522,509,520,268,401,255,405,452
フカマル, ,522,419,639,642,639,622,300,665
デスカーン, ,522,616,17,168,78,703,483,292
アイアント, ,522,125,78,589,628,63,484,290
チゴラス, ,522,266,302,596,639,574,362,522
ドーミラー, ,528,769,216,769,199,754,300,665
クレッフィ, ,528,324,173,268,196,296,470,330
ハリマロン, ,530,524,419,589,639,664,313,625
ラッタ, ,531,321,475,548,350,137,413,437
ニドラン♀, ,531,665,569,642,689,628,275,720
ガーディ, ,531,419,639,338,576,426,350,539
フーディン,フーディン,531,616,639,26,129,27,500,207
メガフーディン,メガフーディン,531,616,419,3,129,3,590,77
ゴローン, ,531,197,67,596,639,672,390,490
キングラー, ,531,43,67,548,576,296,475,315
シードラ, ,531,470,147,168,639,216,440,391
イーブイ, ,531,571,575,596,401,489,325,593
レディアン, ,531,726,575,506,57,216,390,490
トゲチック, ,531,701,220,268,78,631,405,452
メリープ, ,531,701,686,379,639,672,280,711
ポポッコ, ,531,669,575,596,401,255,340,555
エイパム, ,531,419,531,642,518,216,360,524
ウパー, ,531,669,639,758,768,772,210,768
ニューラ, ,531,197,531,698,302,34,430,404
サニーゴ, ,531,571,220,379,204,672,380,505
ドーブル, ,531,772,728,772,639,296,250,743
ハンテール, ,531,147,97,194,302,521,485,278
サクラビス, ,531,306,97,84,302,521,485,278
ナエトル, ,531,458,456,596,518,701,318,612
ムクバード, ,531,373,575,642,689,255,340,555
ブイゼル, ,531,470,728,439,748,216,330,574
ミミロル, ,531,463,671,629,511,216,350,539
ミジュマル, ,531,571,639,423,639,585,308,641
ダンゴロ, ,531,373,220,758,768,772,280,711
コロモリ, ,531,669,675,506,677,317,313,625
クルマユ, ,531,514,175,548,243,622,380,505
アーケン, ,531,109,639,324,639,327,401,478
チラーミィ, ,531,616,686,642,689,296,300,665
エモンガ, ,531,373,475,305,462,88,428,411
プルリル, ,531,701,575,379,204,631,335,564
リグレー, ,531,571,531,228,518,703,335,564
クマシュン, ,531,419,686,439,689,631,305,647
メラルバ, ,531,274,531,548,518,426,360,524
パンプジン,ちいさいサイズ ,531,274,45,493,302,128,494,250
カチコール, ,531,454,220,728,726,739,304,660
プロトーガ, ,568,361,112,543,639,758,355,531
ゲコガシラ, ,568,514,569,254,511,137,405,452
フラエッテ, ,568,669,637,305,123,521,371,511
バケッチャ,おおきいサイズ,568,463,347,629,518,582,335,564
ポッチャマ, ,572,614,564,433,511,631,314,621
マーイーカ, ,572,601,564,693,637,585,288,703
カモネギ, ,574,470,531,493,455,426,352,537
モノズ, ,574,470,575,596,576,664,300,665
バニリッチ, ,576,470,419,268,302,470,395,484
トランセル, ,577,772,531,758,768,703,205,771
サンド, ,577,373,220,772,748,631,300,665
コダック, ,577,607,626,379,576,489,320,603
マダツボミ, ,577,373,728,338,748,631,300,665
ポニータ, ,577,274,531,379,401,179,410,442
レアコイル, ,577,526,147,62,350,327,465,341
パルシェン, ,577,197,6,228,639,327,525,144
カラカラ, ,577,616,147,642,576,672,320,603
サワムラー, ,577,78,564,698,57,210,455,366
エビワラー, ,577,130,292,698,57,293,455,366
ワニノコ, ,577,470,456,629,628,617,314,621
ピィ, ,577,762,771,596,518,772,218,765
クヌギダマ, ,577,470,175,698,726,772,290,695
マグカルゴ, ,577,616,51,268,243,703,410,442
ウリムー, ,577,616,686,731,748,528,250,743
カポエラー, ,577,197,147,698,57,327,455,366
ヨーギラス, ,577,509,575,596,576,628,300,665
ジュプトル, ,577,470,639,228,401,142,405,452
ミズゴロウ, ,577,419,575,548,576,631,310,627
カラサリス, ,577,726,531,758,768,772,205,771
マユルド, ,577,726,531,758,768,772,205,771
ルリリ, ,577,772,686,772,689,759,190,784
エネコ, ,577,669,639,698,726,528,260,737
ヤミラミ, ,577,373,312,379,401,528,380,505
クチート,クチート,577,274,220,506,518,528,380,505
メガクチート,メガクチート,577,130,39,506,129,528,480,299
ココドラ, ,577,419,114,642,689,703,330,574
ロゼリア, ,577,526,639,133,243,380,400,479
ビブラーバ, ,577,419,575,548,576,327,340,555
サボネア, ,577,274,686,228,689,672,335,564
ドジョッチ, ,577,656,675,594,685,426,288,703
ユキワラシ, ,577,616,575,548,576,528,300,665
デオキシス,ノーマルフォルム,577,14,575,13,576,3,600,40
デオキシス,アタックフォルム,577,3,775,2,780,3,600,40
デオキシス,ディフェンスフォルム,577,419,10,338,4,179,600,40
デオキシス,スピードフォルム,577,197,175,168,159,1,600,40
ウソハチ, ,577,324,147,783,639,781,290,695
ミカルゲ, ,577,227,90,197,70,672,485,278
ロトム,ウォッシュ,577,470,91,110,71,211,520,163
ロトム,カット,577,470,91,110,71,211,520,163
ロトム,スピン,577,470,91,110,71,211,520,163
ロトム,ヒート,577,470,91,110,71,211,520,163
ロトム,フロスト,577,470,91,110,71,211,520,163
ロトム,ノーマル,577,616,302,168,297,174,440,391
ヤナップ, ,577,602,626,543,628,416,316,615
バオップ, ,577,602,626,543,628,416,316,615
ヒヤップ, ,577,602,626,543,628,416,316,615
マメパト, ,577,571,575,696,748,617,264,733
オタマロ, ,577,616,686,548,689,416,294,691
メグロコ, ,577,411,728,698,726,380,292,693
イシズマイ, ,577,470,220,698,726,489,325,593
ズルッグ, ,577,373,347,698,350,574,348,547
ヤブクロン, ,577,616,467,642,455,380,329,589
カブルモ, ,577,373,639,642,639,426,315,618
バチュル, ,577,665,575,500,576,380,319,611
ヒトモシ, ,577,740,531,379,518,759,275,720
チョボマキ, ,577,701,220,642,401,743,305,647
クズモー, ,577,526,475,439,462,703,320,603
ウデッポウ, ,577,602,467,493,445,614,330,574
メレシー, ,577,616,12,548,8,528,500,207
ディアンシー, ,577,373,8,305,3,528,600,40
ニャルマー, ,638,571,681,639,722,216,310,627
ケイコウオ, ,638,653,530,587,458,376,330,574
バケッチャ,ふつうのサイズ,638,463,347,629,518,525,335,564
メタモン, ,641,656,626,589,628,574,288,703
アンノーン, ,641,411,626,333,628,574,336,563
グレッグル, ,641,524,686,433,689,528,300,665
ニドラン♂, ,644,566,686,642,689,528,273,725
キバゴ, ,644,270,475,731,689,480,320,603
フシギダネ, ,646,653,624,379,401,585,318,612
キャタピー, ,646,740,728,772,780,585,195,780
コクーン, ,646,762,575,758,768,672,205,771
ナゾノクサ, ,646,616,531,305,401,703,320,603
ゴースト, ,646,616,639,75,518,142,405,452
トサキント, ,646,461,475,698,576,421,320,603
チコリータ, ,646,653,419,587,401,585,318,612
デリバード, ,646,571,639,379,639,296,330,574
デルビル, ,646,526,757,268,576,380,330,574
ムチュール, ,646,740,779,228,401,380,305,647
エレキッド, ,646,514,725,379,518,142,360,524
ブビィ, ,646,373,725,338,518,247,365,517
アチャモ, ,646,526,686,338,576,585,310,627
ケムッソ, ,646,669,728,772,748,759,195,780
キバニア, ,646,236,775,379,780,380,305,647
ナックラー, ,646,154,639,596,639,781,290,695
チルット, ,646,701,475,642,302,528,310,627
アノプス, ,646,197,575,642,576,296,355,531
タツベイ, ,646,373,475,642,748,528,300,665
コリンク, ,646,470,751,642,744,585,263,734
チェリンボ, ,646,726,639,428,569,672,275,720
リーシャン, ,646,740,575,379,576,585,285,707
タマンタ, ,646,772,575,439,33,528,345,550
ヨノワール, ,646,154,25,379,17,585,525,144
ツタージャ, ,646,669,531,596,518,421,308,641
ミネズミ, ,646,571,721,698,719,622,255,740
ヨーテリー, ,646,526,639,758,639,489,275,720
シママ, ,646,526,755,548,746,293,295,685
クルミル, ,646,602,347,642,462,622,310,627
チュリネ, ,646,726,575,338,576,703,280,711
ゴチム, ,646,740,575,506,401,585,290,695
ユニラン, ,646,740,686,110,576,759,290,695
コジョフー, ,646,274,575,506,576,380,350,539
コマタナ, ,646,274,347,642,689,426,340,555
ヤヤコマ, ,646,616,675,642,721,423,278,718
コフーライ, ,646,771,475,756,748,736,213,767
ヒトツキ, ,646,324,114,698,722,739,325,593
ヌメラ, ,646,616,728,506,302,631,300,665
ゼニガメ, ,684,656,419,548,444,617,314,621
カゲボウズ, ,684,373,728,423,745,585,295,685
ヒコザル, ,684,562,671,493,674,424,309,637
テッシード, ,684,616,173,769,199,781,305,647
フラベベ, ,684,722,721,433,291,622,303,661
エリキテル, ,684,722,754,433,677,327,289,702
バケッチャ,ちいさいサイズ,684,463,347,629,518,484,335,564
ヘイガニ, ,691,324,419,548,726,672,308,641
ラブカス, ,691,740,531,642,401,137,330,574
ボクレー, ,691,419,626,548,462,664,309,637
カメテテ, ,694,607,409,691,511,528,306,646
ミニリュウ, ,695,509,639,548,576,528,300,665
チョロネコ, ,695,616,725,548,722,376,281,710
ケロマツ, ,695,568,686,428,674,321,314,621
ビードル, ,698,726,757,772,780,528,195,780
ポッポ, ,698,669,686,698,726,484,251,742
オニスズメ, ,698,526,757,730,747,327,262,735
ズバット, ,698,669,728,731,689,489,245,750
ニャース, ,698,669,728,642,689,179,290,695
マンキー, ,698,324,728,698,639,327,305,647
ニョロモ, ,698,616,686,642,689,179,300,665
ユンゲラー, ,698,726,757,62,350,74,400,479
メノクラゲ, ,698,701,728,548,95,327,335,564
イシツブテ, ,698,324,114,731,748,759,300,665
ビリリダマ, ,698,740,575,506,518,98,330,574
ドガース, ,698,470,147,439,639,672,340,555
バリヤード, ,698,669,419,133,33,179,460,352
レディバ, ,698,772,757,642,243,489,265,731
イトマル, ,698,526,686,642,689,703,250,743
ネイティ, ,698,616,639,338,639,327,320,603
マグマッグ, ,698,701,686,338,689,759,250,743
キモリ, ,698,669,728,379,518,327,310,627
ハスボー, ,698,740,757,642,576,703,220,761
タネボー, ,698,701,575,731,748,703,220,761
スバメ, ,698,571,757,731,748,216,270,726
キャモメ, ,698,740,757,506,748,216,270,726
アメタマ, ,698,740,755,548,571,380,269,729
ラクライ, ,698,669,686,379,689,380,295,685
ヤジロン, ,698,701,531,642,350,489,300,665
サマヨール, ,698,419,29,439,21,743,455,366
ダンバル, ,698,571,255,698,462,703,300,665
ムックル, ,698,571,757,731,748,426,245,750
スボミー, ,698,740,728,548,350,489,280,711
ミノムッチ, ,698,760,639,755,639,667,224,760
リオル, ,698,419,686,698,689,426,285,707
スコルピ, ,698,616,175,731,518,380,330,574
ホイーガ, ,698,571,145,642,291,580,360,524
モンメン, ,698,761,475,693,576,376,280,711
ゾロア, ,698,470,686,268,689,380,330,574
ギアル, ,698,571,347,596,462,703,300,665
フォッコ, ,698,669,686,428,462,426,307,645
オンバット, ,698,740,728,596,689,489,245,750
ヒトカゲ, ,736,607,675,439,576,380,309,637
ヒノアラシ, ,736,607,675,439,576,380,309,637
ロコン, ,738,699,686,548,401,380,299,684
ジグザグマ, ,738,740,684,731,685,426,240,755
キルリア, ,738,726,728,379,518,528,278,718
デスマス, ,738,740,220,506,401,703,303,661
ホルビー, ,738,725,723,728,725,480,237,757
コフキムシ, ,738,726,686,756,768,672,200,776
コロボーシ, ,744,762,684,758,685,743,194,783
バニプッチ, ,745,616,575,379,462,614,305,647
アーボ, ,746,526,671,642,566,489,288,703
ピカチュウ, ,746,571,686,548,576,179,320,603
パラス, ,746,419,531,596,518,743,285,707
ダグトリオ, ,746,324,575,548,350,27,405,452
ドードー, ,746,274,639,698,726,296,310,627
イワーク, ,746,669,10,731,639,327,385,498
オムナイト, ,746,701,114,202,518,672,355,531
オタチ, ,746,668,751,698,639,759,215,766
トゲピー, ,746,772,419,642,401,759,245,750
ハネッコ, ,746,726,686,698,518,528,250,743
テッポウオ, ,746,470,728,379,726,380,300,665
バルキー, ,746,726,728,698,726,672,210,768
ポチエナ, ,746,571,728,731,748,672,220,761
パールル, ,746,509,220,324,518,697,345,550
シビシラス, ,746,571,686,596,689,426,275,720
ツチニン, ,761,669,175,731,748,631,266,730
コラッタ, ,762,568,728,758,726,317,253,741
シェルダー, ,762,470,114,596,768,631,305,647
ゴース, ,762,726,757,133,726,255,310,627
クラブ, ,762,130,175,758,768,528,325,593
タッツー, ,762,701,347,338,768,426,295,685
ヒトデマン, ,762,669,531,338,518,216,340,555
カブト, ,762,324,175,506,639,489,355,531
ヒマナッツ, ,762,740,757,731,748,703,180,785
ノズパス, ,762,669,25,596,159,703,375,510
アサナン, ,762,701,531,642,518,426,280,711
タテトプス, ,762,698,64,639,195,703,350,539
ミツハニー, ,762,740,681,731,680,327,244,754
フシデ, ,762,669,519,731,719,480,260,737
ラルトス, ,775,762,772,596,726,631,198,779
ケーシィ, ,776,772,779,110,518,179,310,627
コイル, ,776,726,347,168,518,585,325,593
コイキング, ,778,781,531,780,780,255,200,776
ピチュー, ,778,701,779,698,726,426,205,771
ツボツボ, ,778,781,1,783,1,784,505,200
ヒンバス, ,778,780,775,783,518,255,200,776
ヨマワル, ,778,701,175,731,159,743,295,685
マネネ, ,778,762,639,338,159,426,310,627
ディグダ, ,784,571,772,698,639,142,265,731
ヌケニン, ,785,236,639,731,748,631,236,759
